id,name,domain
14345916865,Achieving Higher Heights Ltd,
14331096035,Bright Young Futures Ltd,
14314003928,Care 4Life Healthcare Limited,
22593559758,Care4Life Healthcare Services,care4lifehealthcare.co.uk
14313551550,Children To Prosper Limited,
15186068183,Collaborative Care Services,collaborativecareservice.com
34303893697,Committed Care Housing ,committedcarehousing.org
14344105194,Eden Care Homes Ltd,
20042414045,edencarehomes.co.uk,edencarehomes.co.uk
13211488225,future19socialcare.com,future19socialcare.com
14345467074,Guiding Light Care Ltd,
171829386483,Headway Care Ltd,headwaycare.co.uk
14344105197,Hyland Support Services Ltd,
14315804906,Kyah Social Care Services Ltd,
14343656135,Little Acorns London Beach Farm Limited,littleacornstc.com
14345017306,New Focus Childcare LTD,
14313551553,Next Steps Suppport Services Limited,
14314455262,Oasis Homecare Services Ltd,
14345467067,Our Children Generation Ltd,
122091441385,Phoenix Independence Ltd,phoenix-independence.co.uk
14313551549,Positive Futures Support Care Limited,
14315804904,Positive Pathways Solutions Ltd,
39506304248,reachcs.co.uk,reachcs.co.uk
14343656131,Safe Dwellings LTD,safedwellings.co.uk
14344569833,SDA Care,sdacare.org
14344569831,Serenity Welfare Ltd,
16627592402,Simple Settings,simplesetting.co.uk
14345466872,Sure Steps Support Services Ltd,surestepssupportservices.co.uk
14344105187,Swift Care First Ltd,
17649385928,thecareadvantage.com,thecareadvantage.com
14345017303,TS Healthcare LTD,
14344569819,Ty Ni – STEER The Enterprise Academy,
15583380195,Unity Residential Care Limited,
42550254812,Willcob Care,willcobcare.co.uk
90375719144,YMCA Robin Hood Group,ymcarhg.org
